Date,Text,Hashtags
2025-05-30,Machine learning models improve every day. #MachineLearning,#Innovation
2025-05-31,Deep learning breakthroughs continue. #DeepLearning #AI,#AI #Python #DataScience
2025-05-11,Python makes #BigData analysis easier. #Python,#MachineLearning #Tech #DataScience
2025-05-15,Python makes #BigData analysis easier. #Python,#Python #AI #Innovation
2025-05-09,Machine learning models improve every day. #MachineLearning,#AI #BigData #Tech
2025-05-29,Innovation in tech is booming. #Tech #Innovation,#Analytics #BigData #Tech
2025-05-22,Big data trends are fascinating! #BigData #Analytics,#Analytics #MachineLearning
2025-05-12,Loving the advancements in #AI and #MachineLearning.,#DataScience #AI
2025-05-19,Deep learning breakthroughs continue. #DeepLearning #AI,#Python
2025-05-20,Big data trends are fascinating! #BigData #Analytics,#Tech #AI
2025-05-25,Python makes #BigData analysis easier. #Python,#NLP
2025-06-04,The future belongs to #AI and #NLP enthusiasts.,#Innovation
2025-05-19,Big data trends are fascinating! #BigData #Analytics,#DeepLearning #Analytics
2025-05-27,Big data trends are fascinating! #BigData #Analytics,#MachineLearning #DataScience #AI
2025-05-19,Data Science is transforming the world! #DataScience #Analytics,#NLP #Tech #DeepLearning
2025-05-20,Machine learning models improve every day. #MachineLearning,#AI #NLP #DataScience
2025-05-13,Data Science is transforming the world! #DataScience #Analytics,#MachineLearning #Python
2025-06-01,The future belongs to #AI and #NLP enthusiasts.,#Innovation
2025-06-01,The future belongs to #AI and #NLP enthusiasts.,#DataScience #Innovation #AI
2025-05-31,Loving the advancements in #AI and #MachineLearning.,#DataScience #Python #DeepLearning
2025-05-15,Big data trends are fascinating! #BigData #Analytics,#DeepLearning #NLP
2025-05-12,The future belongs to #AI and #NLP enthusiasts.,#Python
2025-06-05,Exploring #DeepLearning techniques for NLP.,#NLP
2025-05-17,Data Science is transforming the world! #DataScience #Analytics,#BigData
2025-05-17,Deep learning breakthroughs continue. #DeepLearning #AI,#DataScience
2025-06-05,Deep learning breakthroughs continue. #DeepLearning #AI,#Tech
2025-05-14,Loving the advancements in #AI and #MachineLearning.,#MachineLearning
2025-05-12,Machine learning models improve every day. #MachineLearning,#AI
2025-05-23,Loving the advancements in #AI and #MachineLearning.,#Python #Analytics #BigData
2025-05-10,Machine learning models improve every day. #MachineLearning,#AI #NLP #Tech
2025-05-20,Machine learning models improve every day. #MachineLearning,#DataScience
2025-05-19,Python makes #BigData analysis easier. #Python,#AI #DeepLearning #Python
2025-05-30,Big data trends are fascinating! #BigData #Analytics,#DataScience #Python #MachineLearning
2025-06-05,Tech innovations shape the future. #Tech #Innovation,#Innovation #Python
2025-05-16,Machine learning models improve every day. #MachineLearning,#Python #Analytics #Innovation
2025-05-13,Exploring #DeepLearning techniques for NLP.,#NLP
2025-05-18,Loving the advancements in #AI and #MachineLearning.,#Innovation #NLP
2025-05-30,Loving the advancements in #AI and #MachineLearning.,#Python #MachineLearning #NLP
2025-05-18,The future belongs to #AI and #NLP enthusiasts.,#AI #Innovation
2025-05-16,The future belongs to #AI and #NLP enthusiasts.,#MachineLearning #BigData
2025-05-11,Loving the advancements in #AI and #MachineLearning.,#AI #Analytics
2025-05-14,The future belongs to #AI and #NLP enthusiasts.,#Analytics
2025-05-21,Machine learning models improve every day. #MachineLearning,#DataScience #AI
2025-06-05,Innovation in tech is booming. #Tech #Innovation,#Innovation #MachineLearning #Analytics
2025-05-12,Python makes #BigData analysis easier. #Python,#BigData
2025-05-26,Machine learning models improve every day. #MachineLearning,#MachineLearning
2025-05-29,Data Science is transforming the world! #DataScience #Analytics,#NLP #DataScience #Python
2025-05-27,The future belongs to #AI and #NLP enthusiasts.,#BigData
2025-05-08,Data Science is transforming the world! #DataScience #Analytics,#DeepLearning #Tech
2025-05-31,Data Science is transforming the world! #DataScience #Analytics,#BigData #Python
2025-05-19,Innovation in tech is booming. #Tech #Innovation,#AI
2025-05-13,The future belongs to #AI and #NLP enthusiasts.,#Innovation #Analytics
2025-05-09,Exploring #DeepLearning techniques for NLP.,#Python
2025-05-11,Innovation in tech is booming. #Tech #Innovation,#MachineLearning #AI
2025-06-03,Loving the advancements in #AI and #MachineLearning.,#DeepLearning #Innovation #NLP
2025-05-07,Exploring #DeepLearning techniques for NLP.,#AI
2025-05-22,Tech innovations shape the future. #Tech #Innovation,#Analytics #DataScience #Innovation
2025-05-31,Innovation in tech is booming. #Tech #Innovation,#Tech #DataScience #AI
2025-05-16,Python makes #BigData analysis easier. #Python,#DataScience #AI #NLP
2025-05-14,Data Science is transforming the world! #DataScience #Analytics,#Innovation
2025-06-05,Loving the advancements in #AI and #MachineLearning.,#DeepLearning #AI #DataScience
2025-05-29,Deep learning breakthroughs continue. #DeepLearning #AI,#Python
2025-06-03,Innovation in tech is booming. #Tech #Innovation,#Python #BigData #DeepLearning
2025-05-09,The future belongs to #AI and #NLP enthusiasts.,#NLP #Tech #DataScience
2025-05-15,The future belongs to #AI and #NLP enthusiasts.,#BigData
2025-05-16,Machine learning models improve every day. #MachineLearning,#BigData
2025-05-31,Innovation in tech is booming. #Tech #Innovation,#AI #Innovation
2025-05-17,Loving the advancements in #AI and #MachineLearning.,#Python #DeepLearning
2025-05-28,Deep learning breakthroughs continue. #DeepLearning #AI,#NLP #Python #DeepLearning
2025-05-28,Loving the advancements in #AI and #MachineLearning.,#NLP #Python #Analytics
2025-05-16,Loving the advancements in #AI and #MachineLearning.,#DeepLearning #Analytics
2025-05-17,Big data trends are fascinating! #BigData #Analytics,#Analytics
2025-05-19,Innovation in tech is booming. #Tech #Innovation,#Analytics #Innovation #NLP
2025-05-26,Innovation in tech is booming. #Tech #Innovation,#AI #NLP
2025-05-13,Machine learning models improve every day. #MachineLearning,#Tech
2025-06-03,Machine learning models improve every day. #MachineLearning,#DataScience #AI #Tech
2025-05-31,Exploring #DeepLearning techniques for NLP.,#DeepLearning
2025-05-19,Data Science is transforming the world! #DataScience #Analytics,#Python #Innovation
2025-06-02,Exploring #DeepLearning techniques for NLP.,#AI #DeepLearning
2025-05-07,Machine learning models improve every day. #MachineLearning,#Python
2025-06-03,Loving the advancements in #AI and #MachineLearning.,#NLP #BigData
2025-05-21,The future belongs to #AI and #NLP enthusiasts.,#BigData
2025-06-01,Exploring #DeepLearning techniques for NLP.,#Innovation
2025-05-19,Python makes #BigData analysis easier. #Python,#Innovation #NLP
2025-05-21,Loving the advancements in #AI and #MachineLearning.,#Tech #DataScience
2025-05-21,The future belongs to #AI and #NLP enthusiasts.,#Analytics
2025-05-16,Python makes #BigData analysis easier. #Python,#BigData
2025-05-30,Loving the advancements in #AI and #MachineLearning.,#MachineLearning
2025-05-12,Machine learning models improve every day. #MachineLearning,#MachineLearning #Analytics
2025-05-29,Data Science is transforming the world! #DataScience #Analytics,#DataScience #Innovation
2025-05-11,The future belongs to #AI and #NLP enthusiasts.,#AI #Tech #NLP
2025-06-04,Python makes #BigData analysis easier. #Python,#Tech #DeepLearning #Innovation
2025-05-12,Python makes #BigData analysis easier. #Python,#Tech #MachineLearning #DataScience
2025-05-19,Tech innovations shape the future. #Tech #Innovation,#NLP
2025-05-21,Python makes #BigData analysis easier. #Python,#BigData #MachineLearning
2025-05-09,Tech innovations shape the future. #Tech #Innovation,#BigData
2025-05-21,Innovation in tech is booming. #Tech #Innovation,#DeepLearning #AI
2025-05-18,Innovation in tech is booming. #Tech #Innovation,#AI
2025-05-17,The future belongs to #AI and #NLP enthusiasts.,#DeepLearning
2025-05-21,The future belongs to #AI and #NLP enthusiasts.,#DeepLearning #MachineLearning #BigData
2025-05-18,Exploring #DeepLearning techniques for NLP.,#Innovation #DataScience
2025-05-17,Tech innovations shape the future. #Tech #Innovation,#BigData #DeepLearning #AI
2025-05-20,Machine learning models improve every day. #MachineLearning,#NLP
2025-05-11,Machine learning models improve every day. #MachineLearning,#Innovation
2025-05-07,Big data trends are fascinating! #BigData #Analytics,#MachineLearning #DeepLearning #Analytics
2025-05-19,Python makes #BigData analysis easier. #Python,#Analytics
2025-05-19,Python makes #BigData analysis easier. #Python,#Python #AI
2025-05-13,Innovation in tech is booming. #Tech #Innovation,#NLP #Tech
2025-05-27,Big data trends are fascinating! #BigData #Analytics,#DataScience #MachineLearning #BigData
2025-05-23,Deep learning breakthroughs continue. #DeepLearning #AI,#Tech #Innovation #BigData
2025-05-15,Python makes #BigData analysis easier. #Python,#Tech #MachineLearning
2025-06-04,Tech innovations shape the future. #Tech #Innovation,#NLP #BigData
2025-06-05,Exploring #DeepLearning techniques for NLP.,#MachineLearning #Innovation #Python
2025-05-21,Innovation in tech is booming. #Tech #Innovation,#Analytics
2025-05-10,Python makes #BigData analysis easier. #Python,#BigData
2025-05-24,Innovation in tech is booming. #Tech #Innovation,#DataScience #MachineLearning
2025-05-21,Loving the advancements in #AI and #MachineLearning.,#MachineLearning #NLP #Analytics
2025-05-13,Loving the advancements in #AI and #MachineLearning.,#Analytics
2025-05-16,Loving the advancements in #AI and #MachineLearning.,#Tech
2025-06-05,Loving the advancements in #AI and #MachineLearning.,#BigData #Python
2025-05-23,Tech innovations shape the future. #Tech #Innovation,#Python
2025-05-18,Exploring #DeepLearning techniques for NLP.,#Analytics #NLP #Python
2025-05-09,Data Science is transforming the world! #DataScience #Analytics,#BigData #Analytics #DeepLearning
2025-05-14,Loving the advancements in #AI and #MachineLearning.,#Tech #Innovation #MachineLearning
2025-05-28,The future belongs to #AI and #NLP enthusiasts.,#Innovation #NLP
2025-06-05,Deep learning breakthroughs continue. #DeepLearning #AI,#Innovation
2025-05-31,Machine learning models improve every day. #MachineLearning,#Tech
2025-05-15,Tech innovations shape the future. #Tech #Innovation,#BigData
2025-05-28,Tech innovations shape the future. #Tech #Innovation,#DataScience #DeepLearning
2025-05-23,Tech innovations shape the future. #Tech #Innovation,#Python
2025-06-05,Innovation in tech is booming. #Tech #Innovation,#Python #BigData #AI
2025-05-25,The future belongs to #AI and #NLP enthusiasts.,#Innovation #BigData
2025-05-31,Deep learning breakthroughs continue. #DeepLearning #AI,#NLP #AI
2025-06-02,Tech innovations shape the future. #Tech #Innovation,#AI
2025-06-01,Loving the advancements in #AI and #MachineLearning.,#DeepLearning #Innovation #Tech
2025-05-28,Innovation in tech is booming. #Tech #Innovation,#Analytics #BigData #AI
2025-05-12,Tech innovations shape the future. #Tech #Innovation,#BigData #Analytics
2025-05-09,Machine learning models improve every day. #MachineLearning,#Analytics #AI
2025-06-06,Data Science is transforming the world! #DataScience #Analytics,#Tech
2025-05-29,Machine learning models improve every day. #MachineLearning,#Python
2025-06-02,Machine learning models improve every day. #MachineLearning,#Innovation
2025-05-22,Loving the advancements in #AI and #MachineLearning.,#DataScience
2025-05-23,Innovation in tech is booming. #Tech #Innovation,#AI
2025-05-31,Big data trends are fascinating! #BigData #Analytics,#Analytics #DeepLearning #DataScience
2025-05-19,Python makes #BigData analysis easier. #Python,#Innovation #DataScience
2025-06-04,Data Science is transforming the world! #DataScience #Analytics,#DeepLearning #AI
2025-05-13,Machine learning models improve every day. #MachineLearning,#DeepLearning #AI
2025-05-17,Deep learning breakthroughs continue. #DeepLearning #AI,#AI #Innovation
2025-05-19,Tech innovations shape the future. #Tech #Innovation,#Tech
2025-05-21,Deep learning breakthroughs continue. #DeepLearning #AI,#AI #Tech
2025-05-27,Big data trends are fascinating! #BigData #Analytics,#BigData #Innovation
2025-05-07,Python makes #BigData analysis easier. #Python,#Analytics
2025-06-01,Machine learning models improve every day. #MachineLearning,#MachineLearning
2025-05-22,Deep learning breakthroughs continue. #DeepLearning #AI,#DataScience
2025-05-30,Loving the advancements in #AI and #MachineLearning.,#BigData #DataScience
2025-05-16,Big data trends are fascinating! #BigData #Analytics,#AI #Innovation #MachineLearning
2025-05-20,Data Science is transforming the world! #DataScience #Analytics,#DeepLearning #Python #DataScience
2025-05-19,Machine learning models improve every day. #MachineLearning,#NLP
2025-06-04,Loving the advancements in #AI and #MachineLearning.,#NLP #Python #MachineLearning
2025-05-31,Data Science is transforming the world! #DataScience #Analytics,#BigData #DataScience
2025-05-21,Tech innovations shape the future. #Tech #Innovation,#Analytics #Innovation #NLP
2025-05-30,Python makes #BigData analysis easier. #Python,#DeepLearning #DataScience
2025-05-12,Loving the advancements in #AI and #MachineLearning.,#MachineLearning #NLP #DeepLearning
2025-06-05,Exploring #DeepLearning techniques for NLP.,#NLP #DeepLearning
2025-05-22,The future belongs to #AI and #NLP enthusiasts.,#DataScience #AI #DeepLearning
2025-06-03,Data Science is transforming the world! #DataScience #Analytics,#BigData #DataScience
2025-05-31,The future belongs to #AI and #NLP enthusiasts.,#BigData #NLP
2025-05-19,Innovation in tech is booming. #Tech #Innovation,#NLP #Analytics
2025-06-03,Exploring #DeepLearning techniques for NLP.,#DeepLearning #AI #Innovation
2025-05-14,Exploring #DeepLearning techniques for NLP.,#Analytics #DeepLearning
2025-05-31,Exploring #DeepLearning techniques for NLP.,#Tech #BigData #Analytics
2025-05-17,Loving the advancements in #AI and #MachineLearning.,#MachineLearning
2025-06-04,The future belongs to #AI and #NLP enthusiasts.,#MachineLearning
2025-05-25,Tech innovations shape the future. #Tech #Innovation,#NLP #Tech
2025-05-15,Innovation in tech is booming. #Tech #Innovation,#Tech #NLP
2025-05-28,Deep learning breakthroughs continue. #DeepLearning #AI,#BigData
2025-05-28,Big data trends are fascinating! #BigData #Analytics,#BigData #DeepLearning #MachineLearning
2025-05-29,Python makes #BigData analysis easier. #Python,#MachineLearning
2025-05-21,Machine learning models improve every day. #MachineLearning,#Tech
2025-05-08,Loving the advancements in #AI and #MachineLearning.,#MachineLearning #Tech #DataScience
2025-05-29,Big data trends are fascinating! #BigData #Analytics,#MachineLearning
2025-05-22,Innovation in tech is booming. #Tech #Innovation,#NLP #Tech #DataScience
2025-05-08,Exploring #DeepLearning techniques for NLP.,#AI #MachineLearning #Innovation
2025-05-22,Tech innovations shape the future. #Tech #Innovation,#Analytics
2025-05-26,Exploring #DeepLearning techniques for NLP.,#AI #MachineLearning
2025-05-29,Python makes #BigData analysis easier. #Python,#DataScience #Innovation #Python
2025-05-26,Loving the advancements in #AI and #MachineLearning.,#DataScience #NLP
2025-05-12,Deep learning breakthroughs continue. #DeepLearning #AI,#Innovation #AI
2025-05-24,The future belongs to #AI and #NLP enthusiasts.,#MachineLearning #DeepLearning
2025-05-09,Exploring #DeepLearning techniques for NLP.,#DataScience #Innovation #Analytics
2025-05-11,Tech innovations shape the future. #Tech #Innovation,#Innovation #Python
2025-06-05,Deep learning breakthroughs continue. #DeepLearning #AI,#BigData #AI #Python
2025-05-27,Python makes #BigData analysis easier. #Python,#NLP #MachineLearning #Innovation
2025-05-24,Data Science is transforming the world! #DataScience #Analytics,#MachineLearning #Innovation
2025-05-25,Loving the advancements in #AI and #MachineLearning.,#Python
2025-05-23,Tech innovations shape the future. #Tech #Innovation,#BigData #Innovation #DeepLearning
2025-05-16,Tech innovations shape the future. #Tech #Innovation,#BigData #MachineLearning #Analytics
2025-05-07,Exploring #DeepLearning techniques for NLP.,#MachineLearning #BigData
2025-05-07,Big data trends are fascinating! #BigData #Analytics,#NLP #Innovation #MachineLearning
2025-05-10,Deep learning breakthroughs continue. #DeepLearning #AI,#Python #Tech #NLP
2025-05-29,Loving the advancements in #AI and #MachineLearning.,#DataScience #Analytics
2025-05-21,Tech innovations shape the future. #Tech #Innovation,#NLP #BigData #DeepLearning
2025-05-12,The future belongs to #AI and #NLP enthusiasts.,#BigData #Innovation #MachineLearning
2025-06-03,Python makes #BigData analysis easier. #Python,#Python #DataScience
2025-05-08,Tech innovations shape the future. #Tech #Innovation,#Analytics #BigData
2025-06-03,The future belongs to #AI and #NLP enthusiasts.,#Analytics #Tech
2025-05-19,Loving the advancements in #AI and #MachineLearning.,#Analytics #Tech #NLP
2025-06-01,The future belongs to #AI and #NLP enthusiasts.,#Tech
2025-05-08,Exploring #DeepLearning techniques for NLP.,#DeepLearning
2025-05-29,The future belongs to #AI and #NLP enthusiasts.,#DeepLearning #Innovation #BigData
2025-05-14,Big data trends are fascinating! #BigData #Analytics,#Innovation #DataScience
2025-06-04,Tech innovations shape the future. #Tech #Innovation,#NLP
2025-05-31,Tech innovations shape the future. #Tech #Innovation,#DataScience
2025-05-31,The future belongs to #AI and #NLP enthusiasts.,#Tech #Python
2025-05-11,Tech innovations shape the future. #Tech #Innovation,#BigData #Tech #DeepLearning
2025-05-09,Python makes #BigData analysis easier. #Python,#NLP #DeepLearning #Python
2025-06-04,Python makes #BigData analysis easier. #Python,#DataScience #Innovation
2025-05-22,Big data trends are fascinating! #BigData #Analytics,#AI #Tech #Python
2025-06-02,Big data trends are fascinating! #BigData #Analytics,#DeepLearning #MachineLearning #BigData
2025-06-04,Tech innovations shape the future. #Tech #Innovation,#Tech #DataScience #Innovation
2025-05-09,Innovation in tech is booming. #Tech #Innovation,#MachineLearning
2025-05-13,The future belongs to #AI and #NLP enthusiasts.,#BigData #Tech #DeepLearning
2025-05-30,Data Science is transforming the world! #DataScience #Analytics,#AI #Analytics #Innovation
2025-05-28,Tech innovations shape the future. #Tech #Innovation,#MachineLearning
2025-05-31,Big data trends are fascinating! #BigData #Analytics,#AI #BigData #DeepLearning
2025-05-12,Data Science is transforming the world! #DataScience #Analytics,#Analytics
2025-05-18,The future belongs to #AI and #NLP enthusiasts.,#Analytics #BigData #Tech
2025-06-02,The future belongs to #AI and #NLP enthusiasts.,#AI #Python #BigData
2025-05-16,Python makes #BigData analysis easier. #Python,#MachineLearning #DataScience
2025-05-17,Exploring #DeepLearning techniques for NLP.,#Innovation #DataScience #AI
2025-05-27,Innovation in tech is booming. #Tech #Innovation,#Innovation
2025-05-16,Machine learning models improve every day. #MachineLearning,#Tech
2025-05-13,Deep learning breakthroughs continue. #DeepLearning #AI,#Innovation
2025-05-17,Exploring #DeepLearning techniques for NLP.,#DeepLearning #Tech
2025-05-12,Tech innovations shape the future. #Tech #Innovation,#NLP
2025-05-19,The future belongs to #AI and #NLP enthusiasts.,#NLP #MachineLearning
2025-06-06,Tech innovations shape the future. #Tech #Innovation,#AI #Analytics #DeepLearning
2025-05-31,Data Science is transforming the world! #DataScience #Analytics,#Python
2025-05-31,Deep learning breakthroughs continue. #DeepLearning #AI,#MachineLearning
2025-05-20,Python makes #BigData analysis easier. #Python,#MachineLearning #AI
2025-05-13,Exploring #DeepLearning techniques for NLP.,#BigData
2025-06-06,Data Science is transforming the world! #DataScience #Analytics,#NLP #Analytics #BigData
2025-05-18,Python makes #BigData analysis easier. #Python,#DeepLearning
2025-05-20,Data Science is transforming the world! #DataScience #Analytics,#Python
2025-05-14,Innovation in tech is booming. #Tech #Innovation,#Python #MachineLearning #BigData
2025-05-10,Exploring #DeepLearning techniques for NLP.,#BigData
2025-05-14,Big data trends are fascinating! #BigData #Analytics,#Analytics #Innovation
2025-06-02,The future belongs to #AI and #NLP enthusiasts.,#Innovation #Tech
2025-06-02,The future belongs to #AI and #NLP enthusiasts.,#Tech
2025-06-02,Big data trends are fascinating! #BigData #Analytics,#DataScience
2025-05-16,The future belongs to #AI and #NLP enthusiasts.,#Innovation #AI #Tech
2025-05-17,Data Science is transforming the world! #DataScience #Analytics,#NLP
2025-05-09,Deep learning breakthroughs continue. #DeepLearning #AI,#DataScience
2025-05-12,Big data trends are fascinating! #BigData #Analytics,#DataScience
2025-05-28,Big data trends are fascinating! #BigData #Analytics,#DeepLearning
2025-05-08,Innovation in tech is booming. #Tech #Innovation,#Analytics #Tech #Innovation
2025-05-20,Deep learning breakthroughs continue. #DeepLearning #AI,#Innovation
2025-05-12,Machine learning models improve every day. #MachineLearning,#Innovation #AI #DataScience
2025-05-27,Tech innovations shape the future. #Tech #Innovation,#NLP #Innovation #Tech
2025-05-24,Python makes #BigData analysis easier. #Python,#DeepLearning #DataScience #Python
2025-05-18,Data Science is transforming the world! #DataScience #Analytics,#DeepLearning
2025-05-11,The future belongs to #AI and #NLP enthusiasts.,#Python #AI #Tech
2025-05-18,Loving the advancements in #AI and #MachineLearning.,#Tech #DeepLearning #Python
2025-05-29,Big data trends are fascinating! #BigData #Analytics,#AI #BigData
2025-06-05,The future belongs to #AI and #NLP enthusiasts.,#DataScience
2025-05-30,Exploring #DeepLearning techniques for NLP.,#MachineLearning #AI
2025-05-21,Tech innovations shape the future. #Tech #Innovation,#Innovation
2025-05-20,Tech innovations shape the future. #Tech #Innovation,#Analytics #AI #NLP
2025-05-17,Exploring #DeepLearning techniques for NLP.,#Tech #MachineLearning
2025-05-28,Exploring #DeepLearning techniques for NLP.,#MachineLearning #DeepLearning
2025-06-06,Loving the advancements in #AI and #MachineLearning.,#Analytics #DeepLearning #AI
2025-05-20,Deep learning breakthroughs continue. #DeepLearning #AI,#NLP #BigData #MachineLearning
2025-05-24,Data Science is transforming the world! #DataScience #Analytics,#DataScience #DeepLearning
2025-05-18,Tech innovations shape the future. #Tech #Innovation,#NLP #Analytics
2025-05-31,Deep learning breakthroughs continue. #DeepLearning #AI,#Tech #MachineLearning
2025-05-26,Machine learning models improve every day. #MachineLearning,#NLP
2025-06-03,Loving the advancements in #AI and #MachineLearning.,#AI
2025-05-24,Loving the advancements in #AI and #MachineLearning.,#Innovation #NLP
2025-05-13,Tech innovations shape the future. #Tech #Innovation,#Innovation
2025-05-07,Big data trends are fascinating! #BigData #Analytics,#Innovation #Python
2025-06-03,Exploring #DeepLearning techniques for NLP.,#DeepLearning
2025-06-04,Tech innovations shape the future. #Tech #Innovation,#Tech #Python
2025-06-01,Exploring #DeepLearning techniques for NLP.,#NLP #Tech #DeepLearning
2025-05-19,Big data trends are fascinating! #BigData #Analytics,#Innovation
2025-06-06,Deep learning breakthroughs continue. #DeepLearning #AI,#MachineLearning #NLP
2025-05-12,The future belongs to #AI and #NLP enthusiasts.,#DataScience
2025-05-17,Big data trends are fascinating! #BigData #Analytics,#Python #AI #MachineLearning
2025-05-28,Machine learning models improve every day. #MachineLearning,#NLP
2025-05-25,Big data trends are fascinating! #BigData #Analytics,#BigData #Innovation
2025-06-06,Exploring #DeepLearning techniques for NLP.,#Innovation
2025-05-30,Data Science is transforming the world! #DataScience #Analytics,#AI #Analytics #Python
2025-05-26,Tech innovations shape the future. #Tech #Innovation,#DataScience #MachineLearning #AI
2025-05-24,Tech innovations shape the future. #Tech #Innovation,#DataScience
2025-05-24,Loving the advancements in #AI and #MachineLearning.,#Analytics #MachineLearning #Innovation
2025-06-02,Big data trends are fascinating! #BigData #Analytics,#Analytics #DeepLearning
2025-06-03,Data Science is transforming the world! #DataScience #Analytics,#DataScience
2025-06-02,Data Science is transforming the world! #DataScience #Analytics,#BigData #Tech #Innovation
2025-05-21,Data Science is transforming the world! #DataScience #Analytics,#DeepLearning #Analytics
2025-05-18,Exploring #DeepLearning techniques for NLP.,#Python #NLP #DataScience
2025-05-12,Big data trends are fascinating! #BigData #Analytics,#Innovation
2025-05-19,Exploring #DeepLearning techniques for NLP.,#NLP
2025-05-11,Deep learning breakthroughs continue. #DeepLearning #AI,#DataScience
2025-06-03,The future belongs to #AI and #NLP enthusiasts.,#Tech #BigData
2025-05-16,Machine learning models improve every day. #MachineLearning,#DataScience #BigData #Analytics
2025-05-07,The future belongs to #AI and #NLP enthusiasts.,#MachineLearning #NLP
2025-05-25,The future belongs to #AI and #NLP enthusiasts.,#AI #DeepLearning #Innovation
2025-05-24,Tech innovations shape the future. #Tech #Innovation,#NLP
2025-06-02,Data Science is transforming the world! #DataScience #Analytics,#DataScience #Innovation
2025-06-03,Big data trends are fascinating! #BigData #Analytics,#Analytics #MachineLearning #Python
2025-05-17,Data Science is transforming the world! #DataScience #Analytics,#Analytics
2025-05-18,Python makes #BigData analysis easier. #Python,#DeepLearning #Innovation #DataScience
2025-05-30,Loving the advancements in #AI and #MachineLearning.,#Tech
2025-05-10,Python makes #BigData analysis easier. #Python,#DataScience #MachineLearning #DeepLearning
2025-05-16,The future belongs to #AI and #NLP enthusiasts.,#MachineLearning #Innovation
2025-05-22,Data Science is transforming the world! #DataScience #Analytics,#NLP #MachineLearning
2025-05-19,Innovation in tech is booming. #Tech #Innovation,#MachineLearning #Analytics
2025-06-06,Tech innovations shape the future. #Tech #Innovation,#DeepLearning #Analytics #NLP
2025-05-13,The future belongs to #AI and #NLP enthusiasts.,#Tech
2025-06-05,Exploring #DeepLearning techniques for NLP.,#MachineLearning
2025-05-08,Python makes #BigData analysis easier. #Python,#MachineLearning
2025-05-30,Exploring #DeepLearning techniques for NLP.,#DeepLearning
2025-05-28,Python makes #BigData analysis easier. #Python,#AI #Python
2025-05-14,Exploring #DeepLearning techniques for NLP.,#BigData #Analytics
2025-05-27,Deep learning breakthroughs continue. #DeepLearning #AI,#Analytics #Innovation #BigData
2025-05-31,Tech innovations shape the future. #Tech #Innovation,#Innovation
2025-05-29,Machine learning models improve every day. #MachineLearning,#Python #MachineLearning #Tech
2025-06-04,Machine learning models improve every day. #MachineLearning,#Tech
2025-05-16,Big data trends are fascinating! #BigData #Analytics,#DataScience #Python
2025-05-07,Innovation in tech is booming. #Tech #Innovation,#DeepLearning #Innovation #NLP
2025-05-25,Innovation in tech is booming. #Tech #Innovation,#BigData #Python #DeepLearning
2025-05-18,Big data trends are fascinating! #BigData #Analytics,#DeepLearning #Innovation #NLP
2025-05-10,Deep learning breakthroughs continue. #DeepLearning #AI,#Tech #DataScience
2025-05-13,Python makes #BigData analysis easier. #Python,#NLP #AI
2025-05-19,Machine learning models improve every day. #MachineLearning,#Innovation #BigData
2025-06-05,Loving the advancements in #AI and #MachineLearning.,#NLP
2025-05-15,Exploring #DeepLearning techniques for NLP.,#Tech #DeepLearning
2025-05-07,Innovation in tech is booming. #Tech #Innovation,#AI
2025-06-05,Machine learning models improve every day. #MachineLearning,#DeepLearning #BigData
2025-05-21,Deep learning breakthroughs continue. #DeepLearning #AI,#DataScience #MachineLearning #BigData
2025-05-15,Data Science is transforming the world! #DataScience #Analytics,#BigData
2025-05-24,Data Science is transforming the world! #DataScience #Analytics,#DataScience #BigData #DeepLearning
2025-06-02,Innovation in tech is booming. #Tech #Innovation,#MachineLearning #Analytics #BigData
2025-05-21,Tech innovations shape the future. #Tech #Innovation,#DataScience
2025-06-03,Exploring #DeepLearning techniques for NLP.,#DeepLearning
2025-05-27,Python makes #BigData analysis easier. #Python,#AI
2025-05-08,Exploring #DeepLearning techniques for NLP.,#BigData #Innovation
2025-06-02,Innovation in tech is booming. #Tech #Innovation,#NLP
2025-06-06,Tech innovations shape the future. #Tech #Innovation,#Python #AI #DataScience
2025-05-21,Exploring #DeepLearning techniques for NLP.,#AI #DataScience
2025-05-08,Loving the advancements in #AI and #MachineLearning.,#Tech #Innovation #NLP
2025-05-31,Innovation in tech is booming. #Tech #Innovation,#NLP #MachineLearning
2025-05-09,Tech innovations shape the future. #Tech #Innovation,#Tech #DeepLearning #BigData
2025-05-22,Python makes #BigData analysis easier. #Python,#Analytics #AI
2025-05-19,Tech innovations shape the future. #Tech #Innovation,#Analytics #Tech
2025-06-06,Python makes #BigData analysis easier. #Python,#Python
2025-05-26,Innovation in tech is booming. #Tech #Innovation,#NLP
2025-05-11,Loving the advancements in #AI and #MachineLearning.,#DeepLearning #Innovation
2025-05-07,Tech innovations shape the future. #Tech #Innovation,#Python #NLP #MachineLearning
2025-06-04,Exploring #DeepLearning techniques for NLP.,#Tech #MachineLearning
2025-05-17,Innovation in tech is booming. #Tech #Innovation,#Tech #DeepLearning #Innovation
2025-05-21,Exploring #DeepLearning techniques for NLP.,#Innovation #DataScience
2025-05-26,Loving the advancements in #AI and #MachineLearning.,#DeepLearning #Python
2025-06-01,Data Science is transforming the world! #DataScience #Analytics,#Tech #MachineLearning #DataScience
2025-05-29,Innovation in tech is booming. #Tech #Innovation,#AI
2025-05-07,The future belongs to #AI and #NLP enthusiasts.,#DataScience #MachineLearning #Innovation
2025-05-07,Innovation in tech is booming. #Tech #Innovation,#MachineLearning
2025-05-17,Deep learning breakthroughs continue. #DeepLearning #AI,#DataScience
2025-05-14,Machine learning models improve every day. #MachineLearning,#Tech #DataScience
2025-05-21,Tech innovations shape the future. #Tech #Innovation,#DeepLearning #Innovation #AI
2025-05-12,Machine learning models improve every day. #MachineLearning,#Innovation #DeepLearning #Tech
2025-05-20,Exploring #DeepLearning techniques for NLP.,#DeepLearning #NLP
2025-05-16,Data Science is transforming the world! #DataScience #Analytics,#DeepLearning #Innovation #Python
2025-05-14,Big data trends are fascinating! #BigData #Analytics,#DeepLearning #NLP
2025-05-19,Data Science is transforming the world! #DataScience #Analytics,#DataScience
2025-05-18,Python makes #BigData analysis easier. #Python,#Analytics #DeepLearning #Innovation
2025-06-03,Innovation in tech is booming. #Tech #Innovation,#DeepLearning #Analytics
2025-06-04,Data Science is transforming the world! #DataScience #Analytics,#Python #Tech
2025-06-04,Data Science is transforming the world! #DataScience #Analytics,#DataScience #Innovation
2025-05-15,Python makes #BigData analysis easier. #Python,#AI #MachineLearning
2025-05-27,Big data trends are fascinating! #BigData #Analytics,#NLP #Innovation
2025-05-30,Machine learning models improve every day. #MachineLearning,#NLP
2025-05-22,Deep learning breakthroughs continue. #DeepLearning #AI,#MachineLearning #Innovation
2025-06-04,Innovation in tech is booming. #Tech #Innovation,#Python #AI #Innovation
2025-05-09,Deep learning breakthroughs continue. #DeepLearning #AI,#NLP #Tech
2025-05-23,Machine learning models improve every day. #MachineLearning,#DeepLearning #DataScience
2025-05-12,Tech innovations shape the future. #Tech #Innovation,#Python #Innovation #Analytics
2025-05-28,Exploring #DeepLearning techniques for NLP.,#Tech
2025-05-27,Deep learning breakthroughs continue. #DeepLearning #AI,#Python #Analytics #AI
2025-05-31,Big data trends are fascinating! #BigData #Analytics,#Tech #DeepLearning #DataScience
2025-06-03,Python makes #BigData analysis easier. #Python,#NLP
2025-06-01,Machine learning models improve every day. #MachineLearning,#DataScience #MachineLearning
2025-06-05,Tech innovations shape the future. #Tech #Innovation,#AI #DataScience
2025-05-15,Innovation in tech is booming. #Tech #Innovation,#Analytics #AI
2025-05-11,Innovation in tech is booming. #Tech #Innovation,#Analytics #Python #Innovation
2025-05-31,Big data trends are fascinating! #BigData #Analytics,#Tech #Python #MachineLearning
2025-05-11,Loving the advancements in #AI and #MachineLearning.,#Innovation
2025-05-24,Data Science is transforming the world! #DataScience #Analytics,#MachineLearning #DataScience
2025-06-05,Loving the advancements in #AI and #MachineLearning.,#Tech
2025-05-28,Deep learning breakthroughs continue. #DeepLearning #AI,#AI #DeepLearning
2025-05-21,Big data trends are fascinating! #BigData #Analytics,#NLP
2025-05-23,The future belongs to #AI and #NLP enthusiasts.,#Tech #NLP #DataScience
2025-05-28,Machine learning models improve every day. #MachineLearning,#NLP
2025-05-21,Exploring #DeepLearning techniques for NLP.,#Analytics #Tech
2025-05-10,Machine learning models improve every day. #MachineLearning,#AI
2025-05-18,Machine learning models improve every day. #MachineLearning,#Innovation #DeepLearning
2025-06-05,Tech innovations shape the future. #Tech #Innovation,#DataScience #BigData
2025-05-30,Data Science is transforming the world! #DataScience #Analytics,#MachineLearning #BigData
2025-05-23,Deep learning breakthroughs continue. #DeepLearning #AI,#Innovation #BigData
2025-06-06,Data Science is transforming the world! #DataScience #Analytics,#MachineLearning
2025-05-30,Machine learning models improve every day. #MachineLearning,#Innovation #AI
2025-05-11,Big data trends are fascinating! #BigData #Analytics,#Innovation #MachineLearning
2025-05-10,Exploring #DeepLearning techniques for NLP.,#DeepLearning
2025-05-27,Big data trends are fascinating! #BigData #Analytics,#Tech
2025-05-14,Data Science is transforming the world! #DataScience #Analytics,#DataScience #Analytics #Innovation
2025-06-05,Tech innovations shape the future. #Tech #Innovation,#MachineLearning
2025-05-21,The future belongs to #AI and #NLP enthusiasts.,#Tech
2025-05-27,Deep learning breakthroughs continue. #DeepLearning #AI,#BigData #DeepLearning #Tech
2025-06-01,Exploring #DeepLearning techniques for NLP.,#MachineLearning #Innovation #BigData
2025-05-09,Exploring #DeepLearning techniques for NLP.,#NLP #Tech #Analytics
2025-05-22,Exploring #DeepLearning techniques for NLP.,#Analytics
2025-05-11,Python makes #BigData analysis easier. #Python,#NLP #Innovation #Python
2025-05-12,Python makes #BigData analysis easier. #Python,#DataScience
2025-05-21,Machine learning models improve every day. #MachineLearning,#BigData #DeepLearning #NLP
2025-05-15,Loving the advancements in #AI and #MachineLearning.,#Python #Analytics #NLP
2025-06-02,The future belongs to #AI and #NLP enthusiasts.,#Python
2025-05-08,Data Science is transforming the world! #DataScience #Analytics,#MachineLearning #Innovation #Python
2025-05-10,Python makes #BigData analysis easier. #Python,#Innovation #Python #AI
2025-05-29,Exploring #DeepLearning techniques for NLP.,#Tech
2025-05-09,Deep learning breakthroughs continue. #DeepLearning #AI,#DeepLearning
2025-05-10,Deep learning breakthroughs continue. #DeepLearning #AI,#Innovation
2025-06-02,Deep learning breakthroughs continue. #DeepLearning #AI,#Analytics #Python #DataScience
2025-05-19,Loving the advancements in #AI and #MachineLearning.,#Python
2025-05-20,Data Science is transforming the world! #DataScience #Analytics,#AI #DeepLearning #DataScience
2025-05-20,Tech innovations shape the future. #Tech #Innovation,#Analytics
2025-05-09,Exploring #DeepLearning techniques for NLP.,#BigData
2025-05-28,Loving the advancements in #AI and #MachineLearning.,#Innovation #AI #Tech
2025-05-24,Python makes #BigData analysis easier. #Python,#MachineLearning
2025-05-20,Machine learning models improve every day. #MachineLearning,#BigData #MachineLearning
2025-05-19,Tech innovations shape the future. #Tech #Innovation,#Tech #DeepLearning
2025-05-31,Deep learning breakthroughs continue. #DeepLearning #AI,#DataScience
2025-05-23,Exploring #DeepLearning techniques for NLP.,#Analytics #NLP
2025-05-21,Deep learning breakthroughs continue. #DeepLearning #AI,#Python #DeepLearning
2025-05-31,Big data trends are fascinating! #BigData #Analytics,#Analytics #BigData #Python
2025-05-29,Loving the advancements in #AI and #MachineLearning.,#Tech
2025-05-11,Deep learning breakthroughs continue. #DeepLearning #AI,#DataScience #BigData #NLP
2025-05-19,Tech innovations shape the future. #Tech #Innovation,#BigData #DeepLearning
2025-05-27,Tech innovations shape the future. #Tech #Innovation,#Innovation
2025-05-23,Deep learning breakthroughs continue. #DeepLearning #AI,#AI #Innovation
2025-05-12,Innovation in tech is booming. #Tech #Innovation,#MachineLearning
2025-05-09,The future belongs to #AI and #NLP enthusiasts.,#Tech #Python #Innovation
2025-05-26,The future belongs to #AI and #NLP enthusiasts.,#Innovation #Python #Tech
2025-05-21,Big data trends are fascinating! #BigData #Analytics,#MachineLearning #Python #Analytics
2025-05-25,Loving the advancements in #AI and #MachineLearning.,#DataScience
2025-05-17,Big data trends are fascinating! #BigData #Analytics,#BigData #DeepLearning
2025-05-10,Machine learning models improve every day. #MachineLearning,#DataScience #Python #Tech
2025-05-28,Python makes #BigData analysis easier. #Python,#Analytics
2025-05-14,Data Science is transforming the world! #DataScience #Analytics,#AI #BigData #MachineLearning
2025-05-17,Big data trends are fascinating! #BigData #Analytics,#Python #AI
2025-05-30,Exploring #DeepLearning techniques for NLP.,#MachineLearning
2025-05-10,Big data trends are fascinating! #BigData #Analytics,#Innovation
2025-05-22,Deep learning breakthroughs continue. #DeepLearning #AI,#Python #NLP
2025-05-14,Innovation in tech is booming. #Tech #Innovation,#DeepLearning #Analytics #BigData
2025-06-02,The future belongs to #AI and #NLP enthusiasts.,#DeepLearning
2025-05-31,Python makes #BigData analysis easier. #Python,#Innovation #MachineLearning #AI
2025-05-30,Innovation in tech is booming. #Tech #Innovation,#MachineLearning #Innovation
2025-05-19,Exploring #DeepLearning techniques for NLP.,#AI #BigData
2025-05-22,Data Science is transforming the world! #DataScience #Analytics,#NLP
2025-05-22,Innovation in tech is booming. #Tech #Innovation,#NLP
2025-06-04,Deep learning breakthroughs continue. #DeepLearning #AI,#Analytics
2025-05-11,Data Science is transforming the world! #DataScience #Analytics,#AI
2025-05-14,Data Science is transforming the world! #DataScience #Analytics,#Python #Tech
2025-05-25,Exploring #DeepLearning techniques for NLP.,#Analytics #Python
2025-05-18,Machine learning models improve every day. #MachineLearning,#MachineLearning
2025-05-08,Data Science is transforming the world! #DataScience #Analytics,#NLP
2025-05-12,Exploring #DeepLearning techniques for NLP.,#NLP
2025-05-14,Python makes #BigData analysis easier. #Python,#Innovation #Python
2025-05-08,Python makes #BigData analysis easier. #Python,#Python #Tech #DeepLearning
2025-05-08,Innovation in tech is booming. #Tech #Innovation,#DeepLearning
2025-06-02,Machine learning models improve every day. #MachineLearning,#AI #BigData #NLP
2025-05-10,The future belongs to #AI and #NLP enthusiasts.,#DataScience
2025-05-20,The future belongs to #AI and #NLP enthusiasts.,#MachineLearning
2025-05-16,The future belongs to #AI and #NLP enthusiasts.,#Innovation #BigData
2025-05-14,Exploring #DeepLearning techniques for NLP.,#NLP
2025-05-17,Innovation in tech is booming. #Tech #Innovation,#Tech #MachineLearning
2025-05-18,Exploring #DeepLearning techniques for NLP.,#AI #NLP
2025-05-10,Loving the advancements in #AI and #MachineLearning.,#BigData #Python
2025-05-28,Python makes #BigData analysis easier. #Python,#DeepLearning #Analytics
2025-05-11,The future belongs to #AI and #NLP enthusiasts.,#MachineLearning #Innovation
2025-06-06,Python makes #BigData analysis easier. #Python,#Innovation
2025-05-22,Tech innovations shape the future. #Tech #Innovation,#Python
2025-06-06,Exploring #DeepLearning techniques for NLP.,#Python #NLP #BigData
2025-05-29,Exploring #DeepLearning techniques for NLP.,#MachineLearning #AI #Analytics
2025-05-31,The future belongs to #AI and #NLP enthusiasts.,#BigData #AI
2025-05-29,Exploring #DeepLearning techniques for NLP.,#DataScience
2025-05-31,The future belongs to #AI and #NLP enthusiasts.,#DeepLearning #BigData
2025-06-04,Big data trends are fascinating! #BigData #Analytics,#Tech
2025-05-08,Tech innovations shape the future. #Tech #Innovation,#Analytics #Python #NLP
2025-05-26,Loving the advancements in #AI and #MachineLearning.,#Tech
2025-05-27,Tech innovations shape the future. #Tech #Innovation,#Tech
2025-05-11,Deep learning breakthroughs continue. #DeepLearning #AI,#MachineLearning #Python
2025-05-14,Data Science is transforming the world! #DataScience #Analytics,#MachineLearning
2025-05-12,Exploring #DeepLearning techniques for NLP.,#Analytics #BigData #Tech
2025-05-29,Deep learning breakthroughs continue. #DeepLearning #AI,#Tech #MachineLearning #Python
2025-05-24,Big data trends are fascinating! #BigData #Analytics,#DataScience
2025-05-25,Python makes #BigData analysis easier. #Python,#Innovation
2025-05-14,Deep learning breakthroughs continue. #DeepLearning #AI,#Innovation #Tech
2025-05-21,Machine learning models improve every day. #MachineLearning,#Python
2025-05-12,Machine learning models improve every day. #MachineLearning,#Analytics #NLP #Innovation
2025-06-03,Innovation in tech is booming. #Tech #Innovation,#Tech
2025-05-29,Deep learning breakthroughs continue. #DeepLearning #AI,#Innovation #DataScience #DeepLearning
2025-06-05,Data Science is transforming the world! #DataScience #Analytics,#Innovation #Analytics
2025-05-10,Exploring #DeepLearning techniques for NLP.,#AI #Innovation
2025-05-14,Exploring #DeepLearning techniques for NLP.,#AI #MachineLearning
2025-05-12,Data Science is transforming the world! #DataScience #Analytics,#AI #BigData #DeepLearning
2025-05-12,Big data trends are fascinating! #BigData #Analytics,#AI
2025-05-24,Machine learning models improve every day. #MachineLearning,#DeepLearning #Tech #BigData
2025-06-03,The future belongs to #AI and #NLP enthusiasts.,#Python #NLP #DataScience
2025-05-19,Loving the advancements in #AI and #MachineLearning.,#DeepLearning #Tech #BigData
2025-05-16,The future belongs to #AI and #NLP enthusiasts.,#Tech
2025-06-01,The future belongs to #AI and #NLP enthusiasts.,#DeepLearning #DataScience #NLP
2025-05-12,Tech innovations shape the future. #Tech #Innovation,#MachineLearning #Tech #DataScience
2025-05-11,Loving the advancements in #AI and #MachineLearning.,#NLP #Analytics #DataScience
2025-05-29,Machine learning models improve every day. #MachineLearning,#AI
2025-05-09,Innovation in tech is booming. #Tech #Innovation,#AI #DeepLearning
2025-05-20,Exploring #DeepLearning techniques for NLP.,#DataScience #BigData #NLP
2025-05-23,Tech innovations shape the future. #Tech #Innovation,#DataScience #Innovation
2025-05-18,Python makes #BigData analysis easier. #Python,#DataScience
2025-05-10,Data Science is transforming the world! #DataScience #Analytics,#Python #Innovation #DeepLearning
2025-05-11,The future belongs to #AI and #NLP enthusiasts.,#Python #AI #BigData
2025-05-19,Innovation in tech is booming. #Tech #Innovation,#NLP #Analytics
2025-05-31,Exploring #DeepLearning techniques for NLP.,#DataScience #Analytics
2025-05-15,Machine learning models improve every day. #MachineLearning,#MachineLearning #NLP #BigData
2025-05-08,Tech innovations shape the future. #Tech #Innovation,#Tech #DataScience
2025-05-09,Loving the advancements in #AI and #MachineLearning.,#Innovation #AI
2025-05-07,Python makes #BigData analysis easier. #Python,#Analytics
2025-05-15,Python makes #BigData analysis easier. #Python,#Python #NLP
2025-05-26,Tech innovations shape the future. #Tech #Innovation,#Python
2025-05-11,Data Science is transforming the world! #DataScience #Analytics,#Analytics
2025-05-24,Deep learning breakthroughs continue. #DeepLearning #AI,#Analytics
2025-06-05,The future belongs to #AI and #NLP enthusiasts.,#Innovation #MachineLearning
2025-06-05,Loving the advancements in #AI and #MachineLearning.,#DataScience
2025-05-18,Tech innovations shape the future. #Tech #Innovation,#BigData #AI
2025-05-27,The future belongs to #AI and #NLP enthusiasts.,#Analytics #DataScience
2025-05-26,Tech innovations shape the future. #Tech #Innovation,#DataScience
2025-05-20,Innovation in tech is booming. #Tech #Innovation,#DataScience #Analytics
2025-05-19,Tech innovations shape the future. #Tech #Innovation,#MachineLearning
2025-05-16,The future belongs to #AI and #NLP enthusiasts.,#DeepLearning
2025-06-04,Data Science is transforming the world! #DataScience #Analytics,#Analytics
2025-05-14,Exploring #DeepLearning techniques for NLP.,#DeepLearning
2025-05-07,Loving the advancements in #AI and #MachineLearning.,#DeepLearning #DataScience
2025-06-01,Tech innovations shape the future. #Tech #Innovation,#DeepLearning #BigData #NLP
2025-05-23,The future belongs to #AI and #NLP enthusiasts.,#AI #NLP #MachineLearning
2025-05-08,Innovation in tech is booming. #Tech #Innovation,#DeepLearning #NLP
2025-05-18,Loving the advancements in #AI and #MachineLearning.,#DataScience #Analytics #BigData
2025-05-07,The future belongs to #AI and #NLP enthusiasts.,#MachineLearning #Tech
2025-05-19,Deep learning breakthroughs continue. #DeepLearning #AI,#Tech
2025-05-25,Big data trends are fascinating! #BigData #Analytics,#BigData #Analytics
2025-05-10,Machine learning models improve every day. #MachineLearning,#Innovation #AI
2025-05-24,Data Science is transforming the world! #DataScience #Analytics,#Innovation #Analytics #BigData
2025-05-23,The future belongs to #AI and #NLP enthusiasts.,#Innovation #Python #BigData
2025-06-05,Exploring #DeepLearning techniques for NLP.,#MachineLearning
2025-05-11,Innovation in tech is booming. #Tech #Innovation,#NLP #MachineLearning
2025-05-22,Big data trends are fascinating! #BigData #Analytics,#Python #Innovation
2025-05-31,Exploring #DeepLearning techniques for NLP.,#DataScience
2025-05-18,Loving the advancements in #AI and #MachineLearning.,#Python #DataScience
2025-05-18,Exploring #DeepLearning techniques for NLP.,#Tech
2025-06-06,Loving the advancements in #AI and #MachineLearning.,#Tech #Analytics #DataScience
2025-05-14,Exploring #DeepLearning techniques for NLP.,#Innovation #DataScience #BigData
2025-05-15,Deep learning breakthroughs continue. #DeepLearning #AI,#AI #MachineLearning #NLP
2025-05-21,Data Science is transforming the world! #DataScience #Analytics,#Python #AI #Innovation
2025-05-17,Exploring #DeepLearning techniques for NLP.,#DeepLearning
2025-05-21,Exploring #DeepLearning techniques for NLP.,#BigData #Tech #Analytics
2025-05-10,Innovation in tech is booming. #Tech #Innovation,#NLP #DeepLearning
2025-05-29,Data Science is transforming the world! #DataScience #Analytics,#Innovation
2025-05-09,Machine learning models improve every day. #MachineLearning,#MachineLearning
2025-05-26,Python makes #BigData analysis easier. #Python,#Analytics #AI #Python
2025-05-13,Innovation in tech is booming. #Tech #Innovation,#AI
2025-06-03,Big data trends are fascinating! #BigData #Analytics,#DataScience
2025-05-28,Innovation in tech is booming. #Tech #Innovation,#AI #Analytics
2025-05-31,Deep learning breakthroughs continue. #DeepLearning #AI,#Analytics
2025-06-03,Exploring #DeepLearning techniques for NLP.,#MachineLearning #Analytics
2025-05-14,Tech innovations shape the future. #Tech #Innovation,#AI #Tech #BigData
2025-05-15,The future belongs to #AI and #NLP enthusiasts.,#DataScience #MachineLearning
2025-05-08,Machine learning models improve every day. #MachineLearning,#Analytics #DataScience #MachineLearning
2025-05-27,Big data trends are fascinating! #BigData #Analytics,#Innovation #MachineLearning #BigData
2025-05-25,Python makes #BigData analysis easier. #Python,#NLP #Analytics #DataScience
2025-05-24,Big data trends are fascinating! #BigData #Analytics,#Python
2025-05-31,Python makes #BigData analysis easier. #Python,#NLP
2025-05-21,Exploring #DeepLearning techniques for NLP.,#Innovation
2025-06-05,Python makes #BigData analysis easier. #Python,#Analytics #DataScience
2025-05-21,Loving the advancements in #AI and #MachineLearning.,#BigData #Analytics #Innovation
2025-05-18,Big data trends are fascinating! #BigData #Analytics,#NLP
2025-05-21,Innovation in tech is booming. #Tech #Innovation,#Analytics
2025-05-22,The future belongs to #AI and #NLP enthusiasts.,#DeepLearning #DataScience
2025-05-31,Exploring #DeepLearning techniques for NLP.,#BigData #NLP
2025-05-13,The future belongs to #AI and #NLP enthusiasts.,#Analytics #DeepLearning
2025-06-04,Python makes #BigData analysis easier. #Python,#DataScience
2025-05-24,Machine learning models improve every day. #MachineLearning,#AI #Innovation
2025-05-18,Innovation in tech is booming. #Tech #Innovation,#DeepLearning #Innovation #BigData
2025-05-25,Innovation in tech is booming. #Tech #Innovation,#Analytics
2025-05-27,The future belongs to #AI and #NLP enthusiasts.,#BigData #Innovation
2025-05-15,Innovation in tech is booming. #Tech #Innovation,#MachineLearning #DataScience
2025-05-09,Exploring #DeepLearning techniques for NLP.,#Python #AI
2025-05-12,Loving the advancements in #AI and #MachineLearning.,#DataScience #Tech #NLP
2025-05-23,Exploring #DeepLearning techniques for NLP.,#AI #MachineLearning #Tech
2025-05-20,Deep learning breakthroughs continue. #DeepLearning #AI,#Tech
2025-05-24,Exploring #DeepLearning techniques for NLP.,#DeepLearning #DataScience #Analytics
2025-05-13,Big data trends are fascinating! #BigData #Analytics,#Tech #Innovation #BigData
2025-06-01,Loving the advancements in #AI and #MachineLearning.,#BigData #DeepLearning #NLP
2025-06-06,Data Science is transforming the world! #DataScience #Analytics,#Innovation #Python
2025-05-07,The future belongs to #AI and #NLP enthusiasts.,#Analytics
2025-05-24,Machine learning models improve every day. #MachineLearning,#Analytics #Tech #BigData
2025-05-16,Loving the advancements in #AI and #MachineLearning.,#Tech
2025-06-05,Loving the advancements in #AI and #MachineLearning.,#Analytics #MachineLearning
2025-05-07,Exploring #DeepLearning techniques for NLP.,#DeepLearning #Tech
2025-05-24,Exploring #DeepLearning techniques for NLP.,#BigData #NLP #MachineLearning
2025-06-04,Exploring #DeepLearning techniques for NLP.,#DeepLearning
2025-05-22,Innovation in tech is booming. #Tech #Innovation,#Python
2025-05-20,Big data trends are fascinating! #BigData #Analytics,#DeepLearning #Analytics
2025-05-12,Loving the advancements in #AI and #MachineLearning.,#DataScience #MachineLearning #BigData
2025-05-10,Big data trends are fascinating! #BigData #Analytics,#BigData
2025-05-21,Loving the advancements in #AI and #MachineLearning.,#BigData
2025-05-20,Data Science is transforming the world! #DataScience #Analytics,#AI
2025-05-20,Data Science is transforming the world! #DataScience #Analytics,#Python #BigData
2025-06-03,Data Science is transforming the world! #DataScience #Analytics,#DeepLearning #DataScience #NLP
2025-05-18,Tech innovations shape the future. #Tech #Innovation,#AI #Python
2025-05-16,The future belongs to #AI and #NLP enthusiasts.,#AI #Python #BigData
2025-05-14,Loving the advancements in #AI and #MachineLearning.,#NLP
2025-05-27,Loving the advancements in #AI and #MachineLearning.,#DeepLearning
2025-05-10,Loving the advancements in #AI and #MachineLearning.,#MachineLearning #DataScience
2025-05-24,Exploring #DeepLearning techniques for NLP.,#Python
2025-05-26,Python makes #BigData analysis easier. #Python,#Analytics #NLP
2025-05-19,Exploring #DeepLearning techniques for NLP.,#DeepLearning
2025-05-09,Innovation in tech is booming. #Tech #Innovation,#Innovation
2025-05-13,Data Science is transforming the world! #DataScience #Analytics,#Innovation #BigData #DeepLearning
2025-05-12,Tech innovations shape the future. #Tech #Innovation,#Tech #NLP
2025-05-26,Exploring #DeepLearning techniques for NLP.,#AI
2025-06-01,Machine learning models improve every day. #MachineLearning,#Analytics #Python
2025-06-04,Tech innovations shape the future. #Tech #Innovation,#MachineLearning #DeepLearning #Innovation
2025-05-30,Machine learning models improve every day. #MachineLearning,#Tech #MachineLearning #Python
2025-06-06,Innovation in tech is booming. #Tech #Innovation,#Analytics
2025-05-13,Data Science is transforming the world! #DataScience #Analytics,#MachineLearning
2025-05-17,Deep learning breakthroughs continue. #DeepLearning #AI,#AI
2025-05-29,Innovation in tech is booming. #Tech #Innovation,#NLP #DeepLearning #Tech
2025-05-22,Exploring #DeepLearning techniques for NLP.,#AI
2025-05-13,Innovation in tech is booming. #Tech #Innovation,#AI #NLP
2025-05-28,Tech innovations shape the future. #Tech #Innovation,#Innovation
2025-06-01,Tech innovations shape the future. #Tech #Innovation,#Python
2025-05-15,Deep learning breakthroughs continue. #DeepLearning #AI,#Python #BigData #AI
2025-06-05,Machine learning models improve every day. #MachineLearning,#MachineLearning #Innovation
2025-05-10,Tech innovations shape the future. #Tech #Innovation,#DeepLearning #Python
2025-05-09,The future belongs to #AI and #NLP enthusiasts.,#DeepLearning #NLP #Analytics
2025-05-31,Python makes #BigData analysis easier. #Python,#Python #Tech #BigData
2025-05-28,Python makes #BigData analysis easier. #Python,#BigData
2025-05-07,Python makes #BigData analysis easier. #Python,#DeepLearning #NLP #Innovation
2025-05-24,Big data trends are fascinating! #BigData #Analytics,#Python
2025-05-19,Big data trends are fascinating! #BigData #Analytics,#Tech #DataScience #Analytics
2025-05-15,Tech innovations shape the future. #Tech #Innovation,#Innovation #MachineLearning
2025-05-12,Python makes #BigData analysis easier. #Python,#DeepLearning
2025-05-21,Innovation in tech is booming. #Tech #Innovation,#MachineLearning #Analytics #AI
2025-05-09,Big data trends are fascinating! #BigData #Analytics,#AI #MachineLearning #BigData
2025-05-14,Machine learning models improve every day. #MachineLearning,#DeepLearning #Innovation #MachineLearning
2025-05-20,Data Science is transforming the world! #DataScience #Analytics,#Innovation
2025-06-02,Big data trends are fascinating! #BigData #Analytics,#DeepLearning
2025-05-19,Tech innovations shape the future. #Tech #Innovation,#AI #MachineLearning
2025-05-19,Innovation in tech is booming. #Tech #Innovation,#Python #AI
2025-06-03,Tech innovations shape the future. #Tech #Innovation,#Tech
2025-06-01,Deep learning breakthroughs continue. #DeepLearning #AI,#Tech #DataScience
2025-06-03,Exploring #DeepLearning techniques for NLP.,#NLP #Analytics
2025-06-03,Data Science is transforming the world! #DataScience #Analytics,#Analytics #Python #DeepLearning
2025-05-18,Innovation in tech is booming. #Tech #Innovation,#Analytics #BigData
2025-05-09,Innovation in tech is booming. #Tech #Innovation,#Innovation #MachineLearning
2025-05-08,Loving the advancements in #AI and #MachineLearning.,#Tech #Innovation #NLP
2025-05-26,The future belongs to #AI and #NLP enthusiasts.,#Tech
2025-05-27,Machine learning models improve every day. #MachineLearning,#AI
2025-05-30,Deep learning breakthroughs continue. #DeepLearning #AI,#BigData #Python #AI
2025-05-12,Exploring #DeepLearning techniques for NLP.,#BigData
2025-05-22,Tech innovations shape the future. #Tech #Innovation,#MachineLearning
2025-05-24,Tech innovations shape the future. #Tech #Innovation,#Innovation #Python #AI
2025-05-20,Python makes #BigData analysis easier. #Python,#DataScience
2025-05-25,Loving the advancements in #AI and #MachineLearning.,#DataScience
2025-05-21,Machine learning models improve every day. #MachineLearning,#DataScience #AI
2025-05-09,Machine learning models improve every day. #MachineLearning,#MachineLearning #Python #BigData
2025-05-23,Deep learning breakthroughs continue. #DeepLearning #AI,#Python #MachineLearning #Innovation
2025-05-26,Big data trends are fascinating! #BigData #Analytics,#NLP #DeepLearning
2025-06-05,Loving the advancements in #AI and #MachineLearning.,#MachineLearning #NLP
2025-05-20,Tech innovations shape the future. #Tech #Innovation,#DeepLearning #AI
2025-05-27,Loving the advancements in #AI and #MachineLearning.,#DeepLearning
2025-06-03,Tech innovations shape the future. #Tech #Innovation,#Tech
2025-05-14,Big data trends are fascinating! #BigData #Analytics,#Analytics #Innovation #Tech
2025-05-15,Data Science is transforming the world! #DataScience #Analytics,#MachineLearning
2025-05-22,Loving the advancements in #AI and #MachineLearning.,#DataScience
2025-05-29,Innovation in tech is booming. #Tech #Innovation,#DeepLearning
2025-05-13,Innovation in tech is booming. #Tech #Innovation,#Tech
2025-05-11,Big data trends are fascinating! #BigData #Analytics,#Innovation #Analytics #DataScience
2025-05-26,Innovation in tech is booming. #Tech #Innovation,#Analytics #BigData
2025-05-16,Loving the advancements in #AI and #MachineLearning.,#Innovation #Analytics
2025-05-29,Deep learning breakthroughs continue. #DeepLearning #AI,#Tech #AI #BigData
2025-05-12,Deep learning breakthroughs continue. #DeepLearning #AI,#NLP #Innovation #DataScience
2025-05-22,Python makes #BigData analysis easier. #Python,#AI #DataScience
2025-06-02,Tech innovations shape the future. #Tech #Innovation,#Python #DataScience
2025-05-13,Deep learning breakthroughs continue. #DeepLearning #AI,#DataScience
2025-06-05,Innovation in tech is booming. #Tech #Innovation,#DataScience #NLP
2025-05-29,Python makes #BigData analysis easier. #Python,#Tech #MachineLearning
2025-05-13,The future belongs to #AI and #NLP enthusiasts.,#Tech
2025-06-05,Innovation in tech is booming. #Tech #Innovation,#NLP #Innovation
2025-05-23,Big data trends are fascinating! #BigData #Analytics,#Tech
2025-05-28,Exploring #DeepLearning techniques for NLP.,#DataScience
2025-05-27,Exploring #DeepLearning techniques for NLP.,#BigData
2025-05-23,Python makes #BigData analysis easier. #Python,#Innovation #DeepLearning
2025-05-28,Machine learning models improve every day. #MachineLearning,#MachineLearning #DataScience #Innovation
2025-06-01,Innovation in tech is booming. #Tech #Innovation,#NLP #MachineLearning
2025-05-14,Python makes #BigData analysis easier. #Python,#Python #BigData
2025-06-01,Deep learning breakthroughs continue. #DeepLearning #AI,#Innovation #Python
2025-05-09,Data Science is transforming the world! #DataScience #Analytics,#BigData #NLP #MachineLearning
2025-05-21,The future belongs to #AI and #NLP enthusiasts.,#DeepLearning
2025-05-31,Python makes #BigData analysis easier. #Python,#NLP #Innovation
2025-06-05,Deep learning breakthroughs continue. #DeepLearning #AI,#Analytics
2025-05-07,Machine learning models improve every day. #MachineLearning,#Analytics #DataScience
2025-05-29,Machine learning models improve every day. #MachineLearning,#Innovation
2025-05-19,Data Science is transforming the world! #DataScience #Analytics,#MachineLearning
2025-05-20,Machine learning models improve every day. #MachineLearning,#Tech #DeepLearning #DataScience
2025-06-04,Machine learning models improve every day. #MachineLearning,#Python
2025-06-06,Big data trends are fascinating! #BigData #Analytics,#NLP
2025-06-01,Loving the advancements in #AI and #MachineLearning.,#DataScience #Innovation #NLP
2025-05-10,Innovation in tech is booming. #Tech #Innovation,#Innovation
2025-05-28,Loving the advancements in #AI and #MachineLearning.,#BigData
2025-05-16,Big data trends are fascinating! #BigData #Analytics,#Analytics
2025-06-03,Machine learning models improve every day. #MachineLearning,#Innovation #Tech
2025-05-29,Machine learning models improve every day. #MachineLearning,#BigData #Analytics
2025-06-04,Deep learning breakthroughs continue. #DeepLearning #AI,#BigData
2025-05-17,Python makes #BigData analysis easier. #Python,#NLP
2025-05-25,Tech innovations shape the future. #Tech #Innovation,#BigData
2025-06-04,Tech innovations shape the future. #Tech #Innovation,#DeepLearning #NLP
2025-05-16,Loving the advancements in #AI and #MachineLearning.,#Innovation #AI
2025-05-10,Machine learning models improve every day. #MachineLearning,#Analytics
2025-05-13,Tech innovations shape the future. #Tech #Innovation,#DeepLearning #Innovation
2025-06-04,Python makes #BigData analysis easier. #Python,#MachineLearning #DeepLearning
2025-05-19,Loving the advancements in #AI and #MachineLearning.,#DataScience #DeepLearning
2025-05-11,Exploring #DeepLearning techniques for NLP.,#Innovation
2025-05-23,Big data trends are fascinating! #BigData #Analytics,#AI
2025-05-20,Exploring #DeepLearning techniques for NLP.,#AI
2025-05-13,Python makes #BigData analysis easier. #Python,#BigData
2025-05-23,The future belongs to #AI and #NLP enthusiasts.,#DeepLearning
2025-05-30,Machine learning models improve every day. #MachineLearning,#NLP
2025-05-18,Innovation in tech is booming. #Tech #Innovation,#DeepLearning
2025-05-26,Deep learning breakthroughs continue. #DeepLearning #AI,#AI #Innovation #Tech
2025-05-28,Big data trends are fascinating! #BigData #Analytics,#MachineLearning #BigData #DataScience
2025-05-21,Deep learning breakthroughs continue. #DeepLearning #AI,#Analytics
2025-05-12,The future belongs to #AI and #NLP enthusiasts.,#Innovation
2025-05-11,Innovation in tech is booming. #Tech #Innovation,#NLP
2025-05-22,Exploring #DeepLearning techniques for NLP.,#DataScience #DeepLearning #BigData
2025-05-08,Loving the advancements in #AI and #MachineLearning.,#Tech
2025-06-05,Deep learning breakthroughs continue. #DeepLearning #AI,#Tech #AI #Analytics
2025-05-10,Python makes #BigData analysis easier. #Python,#DeepLearning
2025-05-13,Data Science is transforming the world! #DataScience #Analytics,#NLP #AI
2025-05-16,Loving the advancements in #AI and #MachineLearning.,#DataScience #Innovation
2025-05-27,Big data trends are fascinating! #BigData #Analytics,#DeepLearning #AI #Tech
2025-05-29,Machine learning models improve every day. #MachineLearning,#MachineLearning #Innovation
2025-06-06,Deep learning breakthroughs continue. #DeepLearning #AI,#Analytics #MachineLearning #NLP
2025-05-08,Exploring #DeepLearning techniques for NLP.,#NLP #BigData #Innovation
2025-06-02,Machine learning models improve every day. #MachineLearning,#Innovation #AI
2025-05-21,Deep learning breakthroughs continue. #DeepLearning #AI,#Tech #DeepLearning #NLP
2025-05-16,Loving the advancements in #AI and #MachineLearning.,#BigData
2025-05-13,Tech innovations shape the future. #Tech #Innovation,#MachineLearning
2025-06-06,Tech innovations shape the future. #Tech #Innovation,#Analytics #Python
2025-05-13,The future belongs to #AI and #NLP enthusiasts.,#NLP #DeepLearning
2025-05-16,Data Science is transforming the world! #DataScience #Analytics,#Tech #BigData
2025-05-20,Data Science is transforming the world! #DataScience #Analytics,#Tech #DataScience #Innovation
2025-06-04,Deep learning breakthroughs continue. #DeepLearning #AI,#MachineLearning
2025-05-11,Innovation in tech is booming. #Tech #Innovation,#Analytics #DataScience
2025-05-16,Exploring #DeepLearning techniques for NLP.,#DataScience #AI #Analytics
2025-05-24,Tech innovations shape the future. #Tech #Innovation,#Tech
2025-05-23,Deep learning breakthroughs continue. #DeepLearning #AI,#Tech
2025-05-12,The future belongs to #AI and #NLP enthusiasts.,#Analytics #Python
2025-05-15,The future belongs to #AI and #NLP enthusiasts.,#AI #DataScience
2025-05-17,Python makes #BigData analysis easier. #Python,#DataScience
2025-05-17,Deep learning breakthroughs continue. #DeepLearning #AI,#BigData #Innovation #Analytics
2025-05-26,Big data trends are fascinating! #BigData #Analytics,#DataScience #AI
2025-05-31,Innovation in tech is booming. #Tech #Innovation,#DataScience
2025-05-21,Data Science is transforming the world! #DataScience #Analytics,#Innovation
2025-05-21,Innovation in tech is booming. #Tech #Innovation,#Python
2025-05-28,The future belongs to #AI and #NLP enthusiasts.,#AI #Tech
2025-05-27,Tech innovations shape the future. #Tech #Innovation,#BigData #MachineLearning
2025-05-22,Exploring #DeepLearning techniques for NLP.,#Innovation #AI #BigData
2025-05-09,Big data trends are fascinating! #BigData #Analytics,#BigData #DeepLearning
2025-05-16,Big data trends are fascinating! #BigData #Analytics,#MachineLearning #Innovation
2025-05-13,Python makes #BigData analysis easier. #Python,#DataScience
2025-05-16,Machine learning models improve every day. #MachineLearning,#DeepLearning #MachineLearning #DataScience
2025-05-30,Deep learning breakthroughs continue. #DeepLearning #AI,#DataScience #MachineLearning
2025-05-17,Tech innovations shape the future. #Tech #Innovation,#Innovation
2025-06-05,Tech innovations shape the future. #Tech #Innovation,#NLP #Tech #AI
2025-05-18,Innovation in tech is booming. #Tech #Innovation,#Analytics #DataScience #Innovation
2025-06-05,Data Science is transforming the world! #DataScience #Analytics,#AI #Python
2025-05-22,Loving the advancements in #AI and #MachineLearning.,#Innovation
2025-05-11,Tech innovations shape the future. #Tech #Innovation,#Analytics #NLP #Innovation
2025-05-25,Exploring #DeepLearning techniques for NLP.,#Analytics
2025-05-12,Loving the advancements in #AI and #MachineLearning.,#AI
2025-05-31,Loving the advancements in #AI and #MachineLearning.,#Analytics
2025-06-06,The future belongs to #AI and #NLP enthusiasts.,#MachineLearning #BigData #Python
2025-05-18,Innovation in tech is booming. #Tech #Innovation,#BigData #Analytics #Innovation
2025-05-30,Innovation in tech is booming. #Tech #Innovation,#DataScience #Tech
2025-06-06,Innovation in tech is booming. #Tech #Innovation,#Python #Analytics
2025-05-08,Machine learning models improve every day. #MachineLearning,#MachineLearning
2025-05-13,Big data trends are fascinating! #BigData #Analytics,#BigData #DataScience #AI
2025-05-16,Tech innovations shape the future. #Tech #Innovation,#DeepLearning #AI #Tech
2025-05-13,Python makes #BigData analysis easier. #Python,#AI #Python
2025-05-14,The future belongs to #AI and #NLP enthusiasts.,#MachineLearning #Analytics #DeepLearning
2025-05-27,Loving the advancements in #AI and #MachineLearning.,#NLP
2025-05-24,Loving the advancements in #AI and #MachineLearning.,#AI
2025-05-23,Deep learning breakthroughs continue. #DeepLearning #AI,#AI
2025-05-23,Data Science is transforming the world! #DataScience #Analytics,#BigData
2025-05-13,Loving the advancements in #AI and #MachineLearning.,#DeepLearning #MachineLearning #Analytics
2025-05-19,The future belongs to #AI and #NLP enthusiasts.,#AI #DeepLearning #Python
2025-05-16,The future belongs to #AI and #NLP enthusiasts.,#BigData #AI #Analytics
2025-05-31,Big data trends are fascinating! #BigData #Analytics,#DeepLearning #Python #Analytics
2025-05-15,Innovation in tech is booming. #Tech #Innovation,#DataScience
2025-05-13,Machine learning models improve every day. #MachineLearning,#Tech #BigData
2025-05-09,Big data trends are fascinating! #BigData #Analytics,#Tech #MachineLearning
2025-06-05,Data Science is transforming the world! #DataScience #Analytics,#DataScience #Analytics #NLP
2025-06-04,Exploring #DeepLearning techniques for NLP.,#Python
2025-05-15,Machine learning models improve every day. #MachineLearning,#Python #Analytics
2025-05-27,Loving the advancements in #AI and #MachineLearning.,#AI
2025-05-24,The future belongs to #AI and #NLP enthusiasts.,#Analytics #AI #NLP
2025-05-09,Data Science is transforming the world! #DataScience #Analytics,#MachineLearning #Innovation #BigData
2025-05-11,Tech innovations shape the future. #Tech #Innovation,#NLP
2025-05-11,Data Science is transforming the world! #DataScience #Analytics,#BigData #DataScience #NLP
2025-05-09,Tech innovations shape the future. #Tech #Innovation,#AI #Innovation #MachineLearning
2025-05-15,Big data trends are fascinating! #BigData #Analytics,#NLP #MachineLearning #Innovation
2025-05-07,The future belongs to #AI and #NLP enthusiasts.,#NLP #DataScience #AI
2025-05-30,Tech innovations shape the future. #Tech #Innovation,#MachineLearning
2025-06-04,Loving the advancements in #AI and #MachineLearning.,#Tech #Analytics
2025-05-07,Python makes #BigData analysis easier. #Python,#DeepLearning #AI
2025-05-20,Loving the advancements in #AI and #MachineLearning.,#DataScience #Python
2025-05-19,Innovation in tech is booming. #Tech #Innovation,#Analytics #AI #Python
2025-05-17,Big data trends are fascinating! #BigData #Analytics,#AI #Innovation
2025-05-21,Exploring #DeepLearning techniques for NLP.,#AI
2025-05-30,Data Science is transforming the world! #DataScience #Analytics,#Tech #Python #DataScience
2025-05-16,Big data trends are fascinating! #BigData #Analytics,#AI #DeepLearning
2025-05-30,Machine learning models improve every day. #MachineLearning,#Innovation #MachineLearning
2025-06-01,Innovation in tech is booming. #Tech #Innovation,#Tech #MachineLearning
2025-05-07,Deep learning breakthroughs continue. #DeepLearning #AI,#DataScience
2025-05-25,Innovation in tech is booming. #Tech #Innovation,#Tech #BigData
2025-05-25,Data Science is transforming the world! #DataScience #Analytics,#Innovation #BigData #DataScience
2025-05-30,Data Science is transforming the world! #DataScience #Analytics,#MachineLearning #Python
2025-06-05,The future belongs to #AI and #NLP enthusiasts.,#Tech #NLP #DeepLearning
2025-06-05,Innovation in tech is booming. #Tech #Innovation,#NLP #Analytics #Innovation
2025-05-08,Tech innovations shape the future. #Tech #Innovation,#Innovation #MachineLearning
2025-05-14,Innovation in tech is booming. #Tech #Innovation,#Innovation #BigData
2025-06-02,Exploring #DeepLearning techniques for NLP.,#Innovation #Python #NLP
2025-05-30,Innovation in tech is booming. #Tech #Innovation,#DeepLearning #BigData
2025-05-26,Data Science is transforming the world! #DataScience #Analytics,#Innovation #Analytics
2025-05-10,The future belongs to #AI and #NLP enthusiasts.,#NLP #DeepLearning #Tech
2025-05-13,Deep learning breakthroughs continue. #DeepLearning #AI,#DeepLearning #Python
2025-05-20,Innovation in tech is booming. #Tech #Innovation,#DeepLearning #Tech
2025-06-05,Data Science is transforming the world! #DataScience #Analytics,#MachineLearning #BigData #NLP
2025-05-09,Loving the advancements in #AI and #MachineLearning.,#AI
2025-05-27,Innovation in tech is booming. #Tech #Innovation,#DataScience #DeepLearning
2025-05-25,Loving the advancements in #AI and #MachineLearning.,#Analytics
2025-05-13,Data Science is transforming the world! #DataScience #Analytics,#DeepLearning #AI
2025-06-06,Exploring #DeepLearning techniques for NLP.,#BigData #AI #Tech
2025-05-24,Machine learning models improve every day. #MachineLearning,#NLP #Tech #AI
2025-05-25,Big data trends are fascinating! #BigData #Analytics,#Tech #BigData
2025-06-03,Deep learning breakthroughs continue. #DeepLearning #AI,#Tech
2025-05-18,The future belongs to #AI and #NLP enthusiasts.,#Innovation #Python
2025-05-28,Deep learning breakthroughs continue. #DeepLearning #AI,#Tech
2025-05-27,Exploring #DeepLearning techniques for NLP.,#BigData
2025-06-01,Big data trends are fascinating! #BigData #Analytics,#NLP
2025-05-30,Loving the advancements in #AI and #MachineLearning.,#Tech #Python
2025-05-10,The future belongs to #AI and #NLP enthusiasts.,#Analytics #BigData
2025-05-09,Machine learning models improve every day. #MachineLearning,#MachineLearning
2025-05-22,Loving the advancements in #AI and #MachineLearning.,#MachineLearning #DataScience #BigData
2025-05-30,Big data trends are fascinating! #BigData #Analytics,#Tech #DataScience
2025-05-12,Big data trends are fascinating! #BigData #Analytics,#DeepLearning #NLP #Tech
2025-05-07,The future belongs to #AI and #NLP enthusiasts.,#NLP
2025-05-31,Data Science is transforming the world! #DataScience #Analytics,#Python #Tech #MachineLearning
2025-06-06,Deep learning breakthroughs continue. #DeepLearning #AI,#MachineLearning #Python #Innovation
2025-05-26,Big data trends are fascinating! #BigData #Analytics,#AI #Innovation #MachineLearning
2025-05-21,Innovation in tech is booming. #Tech #Innovation,#Python #MachineLearning
2025-05-23,Data Science is transforming the world! #DataScience #Analytics,#NLP #Innovation #Analytics
2025-06-04,Innovation in tech is booming. #Tech #Innovation,#Tech
2025-05-20,Python makes #BigData analysis easier. #Python,#DeepLearning
2025-05-17,Deep learning breakthroughs continue. #DeepLearning #AI,#NLP #MachineLearning #DeepLearning
2025-06-06,Data Science is transforming the world! #DataScience #Analytics,#DataScience
2025-05-20,Data Science is transforming the world! #DataScience #Analytics,#BigData #Analytics #Innovation
2025-05-08,Exploring #DeepLearning techniques for NLP.,#DeepLearning
2025-05-31,Innovation in tech is booming. #Tech #Innovation,#DataScience #Python #MachineLearning
2025-05-19,Deep learning breakthroughs continue. #DeepLearning #AI,#NLP #AI #DeepLearning
2025-05-23,Python makes #BigData analysis easier. #Python,#AI
2025-05-11,Deep learning breakthroughs continue. #DeepLearning #AI,#MachineLearning
2025-05-11,Big data trends are fascinating! #BigData #Analytics,#DataScience
2025-05-08,Data Science is transforming the world! #DataScience #Analytics,#DeepLearning #NLP
2025-05-11,Tech innovations shape the future. #Tech #Innovation,#Tech #DeepLearning
2025-05-31,Loving the advancements in #AI and #MachineLearning.,#Python
2025-05-29,Loving the advancements in #AI and #MachineLearning.,#BigData #NLP
2025-05-08,Loving the advancements in #AI and #MachineLearning.,#Python #BigData #NLP
2025-05-13,Tech innovations shape the future. #Tech #Innovation,#DeepLearning
2025-05-31,Deep learning breakthroughs continue. #DeepLearning #AI,#MachineLearning
2025-05-15,Python makes #BigData analysis easier. #Python,#Analytics #BigData #Tech
2025-05-18,Innovation in tech is booming. #Tech #Innovation,#MachineLearning #NLP
2025-06-01,Innovation in tech is booming. #Tech #Innovation,#BigData #MachineLearning
2025-05-15,Big data trends are fascinating! #BigData #Analytics,#MachineLearning
2025-05-12,Python makes #BigData analysis easier. #Python,#AI #DataScience #Innovation
2025-05-09,Loving the advancements in #AI and #MachineLearning.,#Tech #DataScience #BigData
2025-05-30,Machine learning models improve every day. #MachineLearning,#BigData #Analytics
2025-05-14,Data Science is transforming the world! #DataScience #Analytics,#NLP #Analytics #AI
2025-05-08,The future belongs to #AI and #NLP enthusiasts.,#DeepLearning #NLP #BigData
2025-06-03,Tech innovations shape the future. #Tech #Innovation,#Analytics #DataScience
2025-06-06,Deep learning breakthroughs continue. #DeepLearning #AI,#Innovation
2025-05-13,Data Science is transforming the world! #DataScience #Analytics,#Python #BigData
2025-05-19,The future belongs to #AI and #NLP enthusiasts.,#Python #Innovation
2025-05-11,Deep learning breakthroughs continue. #DeepLearning #AI,#MachineLearning #NLP
2025-06-01,Python makes #BigData analysis easier. #Python,#DataScience #Innovation #Tech
2025-05-23,Tech innovations shape the future. #Tech #Innovation,#MachineLearning #Tech
2025-05-22,The future belongs to #AI and #NLP enthusiasts.,#Python #MachineLearning #Analytics
2025-06-01,Exploring #DeepLearning techniques for NLP.,#NLP #BigData #Tech
2025-05-30,Deep learning breakthroughs continue. #DeepLearning #AI,#DeepLearning #MachineLearning
2025-05-20,Machine learning models improve every day. #MachineLearning,#Analytics
2025-05-31,Tech innovations shape the future. #Tech #Innovation,#Innovation #DeepLearning
2025-05-27,Machine learning models improve every day. #MachineLearning,#MachineLearning
2025-05-30,Data Science is transforming the world! #DataScience #Analytics,#DataScience
2025-05-25,Data Science is transforming the world! #DataScience #Analytics,#Innovation #Python
2025-05-18,Data Science is transforming the world! #DataScience #Analytics,#DeepLearning #BigData
2025-06-02,Deep learning breakthroughs continue. #DeepLearning #AI,#AI #Tech
2025-05-18,The future belongs to #AI and #NLP enthusiasts.,#Analytics
2025-05-14,Tech innovations shape the future. #Tech #Innovation,#DeepLearning #NLP #Tech
2025-06-06,Tech innovations shape the future. #Tech #Innovation,#AI #MachineLearning #DataScience
2025-05-16,Big data trends are fascinating! #BigData #Analytics,#DataScience #Innovation
2025-06-01,Data Science is transforming the world! #DataScience #Analytics,#BigData #AI
2025-05-22,Data Science is transforming the world! #DataScience #Analytics,#AI #BigData #Python
2025-05-16,Tech innovations shape the future. #Tech #Innovation,#DataScience #BigData #Tech
2025-05-31,Big data trends are fascinating! #BigData #Analytics,#DataScience #BigData #Python
2025-05-25,Machine learning models improve every day. #MachineLearning,#Analytics #Innovation #BigData
2025-05-10,Loving the advancements in #AI and #MachineLearning.,#Python
2025-05-25,The future belongs to #AI and #NLP enthusiasts.,#AI #BigData
2025-05-28,Data Science is transforming the world! #DataScience #Analytics,#DataScience #Innovation #AI
2025-06-01,Data Science is transforming the world! #DataScience #Analytics,#Tech #NLP
2025-05-21,Deep learning breakthroughs continue. #DeepLearning #AI,#Innovation #AI #BigData
2025-05-31,Innovation in tech is booming. #Tech #Innovation,#MachineLearning
2025-06-04,Exploring #DeepLearning techniques for NLP.,#Python #Innovation
2025-06-06,Machine learning models improve every day. #MachineLearning,#Tech #AI
2025-05-09,Exploring #DeepLearning techniques for NLP.,#Tech #NLP
2025-05-07,Machine learning models improve every day. #MachineLearning,#BigData #Tech
2025-06-01,Big data trends are fascinating! #BigData #Analytics,#Python #Analytics
2025-05-26,Deep learning breakthroughs continue. #DeepLearning #AI,#Python #AI #Innovation
2025-05-24,The future belongs to #AI and #NLP enthusiasts.,#Analytics #Python
2025-05-07,Innovation in tech is booming. #Tech #Innovation,#DeepLearning #AI #DataScience
2025-05-19,Python makes #BigData analysis easier. #Python,#MachineLearning
2025-05-14,Data Science is transforming the world! #DataScience #Analytics,#Python #MachineLearning #DeepLearning
2025-05-11,Deep learning breakthroughs continue. #DeepLearning #AI,#MachineLearning
2025-06-06,Machine learning models improve every day. #MachineLearning,#NLP
2025-05-30,Exploring #DeepLearning techniques for NLP.,#DeepLearning
2025-05-21,Data Science is transforming the world! #DataScience #Analytics,#DeepLearning #AI
2025-05-19,Python makes #BigData analysis easier. #Python,#NLP #BigData
2025-05-18,Deep learning breakthroughs continue. #DeepLearning #AI,#DataScience #Python
2025-05-08,Innovation in tech is booming. #Tech #Innovation,#AI #Python
2025-05-24,Loving the advancements in #AI and #MachineLearning.,#BigData #DeepLearning
2025-05-28,Exploring #DeepLearning techniques for NLP.,#DataScience
2025-06-05,Data Science is transforming the world! #DataScience #Analytics,#DataScience #Analytics
2025-05-07,Tech innovations shape the future. #Tech #Innovation,#DataScience #Python #DeepLearning
2025-06-03,Deep learning breakthroughs continue. #DeepLearning #AI,#DeepLearning #AI
2025-06-02,Python makes #BigData analysis easier. #Python,#DeepLearning
2025-05-22,Machine learning models improve every day. #MachineLearning,#MachineLearning #BigData
2025-05-25,Python makes #BigData analysis easier. #Python,#Python #BigData #AI
2025-05-31,Data Science is transforming the world! #DataScience #Analytics,#Analytics
2025-05-13,Data Science is transforming the world! #DataScience #Analytics,#Python #BigData
2025-05-20,Tech innovations shape the future. #Tech #Innovation,#DataScience #Analytics
2025-05-28,Machine learning models improve every day. #MachineLearning,#MachineLearning #Python #DataScience
2025-05-07,Loving the advancements in #AI and #MachineLearning.,#BigData #Analytics
2025-05-10,Data Science is transforming the world! #DataScience #Analytics,#Tech
2025-05-17,Data Science is transforming the world! #DataScience #Analytics,#MachineLearning
2025-05-24,The future belongs to #AI and #NLP enthusiasts.,#Tech #NLP #MachineLearning
2025-06-01,Big data trends are fascinating! #BigData #Analytics,#DeepLearning
2025-05-08,Deep learning breakthroughs continue. #DeepLearning #AI,#Innovation #DeepLearning #Analytics
2025-05-09,Exploring #DeepLearning techniques for NLP.,#BigData
2025-05-24,Innovation in tech is booming. #Tech #Innovation,#MachineLearning
2025-05-31,Tech innovations shape the future. #Tech #Innovation,#Analytics #DeepLearning #Innovation
2025-05-23,Exploring #DeepLearning techniques for NLP.,#MachineLearning #AI #DeepLearning
2025-05-09,Python makes #BigData analysis easier. #Python,#AI #NLP #Analytics
2025-05-07,Loving the advancements in #AI and #MachineLearning.,#AI #Analytics
2025-06-05,Deep learning breakthroughs continue. #DeepLearning #AI,#AI #MachineLearning
2025-05-22,Data Science is transforming the world! #DataScience #Analytics,#NLP
2025-05-15,The future belongs to #AI and #NLP enthusiasts.,#AI #Innovation
2025-05-31,Innovation in tech is booming. #Tech #Innovation,#DeepLearning #MachineLearning #AI
2025-05-08,Machine learning models improve every day. #MachineLearning,#Tech #NLP #Python
2025-05-20,Innovation in tech is booming. #Tech #Innovation,#Tech #DataScience #Analytics
2025-05-26,Loving the advancements in #AI and #MachineLearning.,#DeepLearning
2025-05-24,Machine learning models improve every day. #MachineLearning,#Tech
2025-05-30,Loving the advancements in #AI and #MachineLearning.,#MachineLearning #Innovation
2025-05-21,Big data trends are fascinating! #BigData #Analytics,#BigData #Analytics #AI
2025-05-17,Big data trends are fascinating! #BigData #Analytics,#Innovation #NLP
2025-06-05,Machine learning models improve every day. #MachineLearning,#DeepLearning
2025-05-21,Python makes #BigData analysis easier. #Python,#DeepLearning #MachineLearning
2025-05-23,The future belongs to #AI and #NLP enthusiasts.,#NLP #Analytics #Innovation
2025-05-21,Tech innovations shape the future. #Tech #Innovation,#BigData #AI
2025-05-17,Deep learning breakthroughs continue. #DeepLearning #AI,#BigData #Innovation #AI
2025-05-25,Data Science is transforming the world! #DataScience #Analytics,#Innovation #MachineLearning
2025-05-08,Machine learning models improve every day. #MachineLearning,#DataScience #Analytics #Innovation
2025-05-20,Python makes #BigData analysis easier. #Python,#Python #NLP #AI
2025-05-27,Exploring #DeepLearning techniques for NLP.,#MachineLearning
